Bng2,825 E. 99th St.,Chicago,IL, 
Eib9,1328 W. Morse Ave.,Chicago,IL, 
Mhg3,1115 Zygmunt Cir.,Westmont,IL, 
Cza3,900 W. Randolph St.,Chicago,IL, 
3l.6,9750 Indiana Pkwy.,Munster,IN, 
Rig9,615 Roger Williams Ave.,Highland Park,IL, 
Slg2,,â€“  Chicago,, 
5tg3,,Westmont,IL, 
Cwg5,211 S. East St.,Crown Point,IN, 
Pkg2,623 Howard St.,Evanston,IL,60202
Mly3,2717 N. Maplewood Ave,Chicago,IL, 
Scb6,306 W. State St.,Geneva,IL, 
Mky7,412 N. Milwaukee Ave.,Libertyville,IL, 
Ee.9,218 E. Cass St,Joliet,IL, 
Els10,63rd St. & Halsted,Chicago,IL, 
Fbt7,1746 W. Chicago Ave.,Chicago,IL, 
Wdg4,1104 E. Main St.,Griffith,IN, 
N g8,121 E. Main St.,Griffith,IN, 
Vly4,2380 Esplanade Dr.,Algonquin,IL, 
Wny1,,,, 
Sly2,1000 Brown St.,Wauconda,IL, 
Eee6,5200 Main St.,Downers Grove,IL, 
Fs.2,1035 Sterling Ave.,Flossmoor,IL, 
Ni.9,12337 S. Rte. 59 #155,Plainfield,IL, 
Rke8,28256 Diehl Rd.,Warrenville,IL, 
Csg7,150 N. Main St.,Crystal Lake,IL, 
Sr.6,203 Berg St.,Algonquin,IL, 
Gs.2,1800 W. Fulton St.,Chicago,IL, 
U y10,9082 W. Golf Rd.,Niles,IL, 
Meg7,121 Garlisch Dr.,Elk Grove Village,IL, 
Hbo3,5500 Park Pl.,Rosemont,IL, 
Wg.4,,Tinley Park,IL, 
Hfm3,4257 N. Lincoln Ave.,Chicago,IL, 
A .6,235 N. Ashland Ave.,Chicago,IL, 
Mey6,3425 Pearl St.,McHenry,IL, 
Lu.4,1843 S. Washtenaw Ave.,Chicago,IL, 
Mk.7,1000 N. Frontage Rd.,Darien,IL, 
O g5,11000 Delaware Pkwy.,Crown Point,IN, 
Pe.8,3912 W McLean Ave.,Chicago,IL, 
Mag4,515 Anderson Dr. #900,Romeoville,IL, 
LRg10,2101 S Carpenter St.,Chicago,IL, 
Aig2,,Lombard,IL, 
Et.1,7700 W Madison,Forest Park,IL, 
Jls6,1504 E. Harper Court,Chicago,IL, 
Amn5,3304 N. Knox Ave.,Chicago,IL, 
Bgy1,,â€“  West Town,, 
Mu.8,1516 E. Lake Ave.,Glenview,IL, 
1hd3,5417 N. Oakley Ave.,Hammond,IN, 
T g6,30W315 Calumet Ave. W.,Warrenville,IL, 
Uay9,5121 N. Ravenswood Ave.,Chicago,IL, 
Tbe7,11220 W. Lincoln Hwy.,Mokena,IL, 
Ae.9,2300 Wisconsin Ave.,Downers Grove,IL, 
O y5,17845-17851 Chappel Ave.,Lansing,IL, 
Wdg3,2121 Gettler St,Dyer,IN, 
Sng6,8201 183rd St.,Tinley Park,IL, 
Lhy2,10 N. Lake St.,Grayslake,IL, 
Heg8,2760 N. Milwaukee Ave.,Chicago,IL, 
T g7,1025 N Waukegan Rd.,Glenview,IL, 
Ius6,415 N. Sangamon Ave.,Chicago,IL, 
Arg6,4055 W. Peterson Ave.,Chicago,IL, 
Rky6,1 W. Grand Ave.,Chicago,IL, 
Ce.9,217 W. Main St.,Genoa,IL, 
Sng5,9607 Wicker Ave.,St. John,IN, 
Sr.7,5000 N. River Rd,Schiller Park,IL, 
Stg6,2050 W. Balmoral Ave.,Chicago,IL, 
Snt3,,Elk Grove Village,IL, 
Au.6,825 E. 99th St.,Chicago,IL, 
Slg10,,Clarendon Hills,IL, 
Zmr4,,,, 
Pi.4,1310 Busch Pkwy.,Buffalo Grove,IL, 
Kg.9,523 Bank Ln.,Highwood,IL, 
Bl.9,1409 119th St.,Whiting,IN, 
Mog6,2337 S. Michigan Ave.,Chicago,IL, 
O .10,4419 W. Montrose Ave,Chicago,IL, 
Gne10,1828 Abriter Ct.,Naperville,IL, 
Ae.6,844 N. Ridge Ave.,Lombard,IL, 
Rom3,3340 N. Kedzie Ave.,Chicago,IL, 
Ba.7,2825 Carlson Dr.,Hammond,IN, 
Baw10,610 E. Hawley St.,Mundelein,IL, 
Ieg8,501 Willow Blvd.,Willow Springs,IL, 
Sey7,110 Slocum Lake Rd,Wauconda,IL, 
Si.7,,Algonquin,IL, 
Md.9,2136 S. Peoria St.,Chicago,IL, 
Eh.2,171 N Addison Ave.,Elmhurst,IL, 
Crg5,1480 Industrial Dr. Unit C,Itasca,IL, 
Pl.4,431 Talcott Ave.,Lemont,IL, 
FSg5,260 Howard Avenue,Des Plaines,IL, 
Le.10,4727 W. Montrose Ave.,Chicago,IL, 
Dey10,1800 W. Belle Plaine Ave.,Chicago,IL, 
O p9,1460 N. Kingsbury St.,Chicago,IL, 
1hy5,5725 Miller Ave.,Gary,IN, 
Rob3,2323 N. Milwaukee Ave.,Chicago,IL, 
O .2,155 S. Oak Park Ave.,Oak Park,IL, 
Hl.2,8060 186th St.,Tinley Park,IL, 
Hf.6,200 Village Green,Lincolnshire,IL, 
Oe.8,61 Main St,Oswego,IL, 
Rrg2,739 W Route 22,Lake Zurich,IL, 
Mrg7,3057 N. Rockwell St.,Chicago,IL, 
Auy6,11314 S. Front Ave.,Chicago,IL, 
Hmy1,737 W. Randolph St.,Chicago,IL, 
3 .2,7144 W. 183rd St.,Tinley Park,IL, 
Sey8,1661 Quincy Ave. #179,Naperville,IL, 
T k2,105 Hollywood Blvd.,South Barrington,IL, 
Ese6,4240 W. Irving Park Rd.,Chicago,IL, 
Eiy3,1801 W. Foster Ave.,Chicago,IL, 
Erg10,2 1/2 West Wilson Street,Batavia,IL, 
Ge.6,3800 N. Clark St.,Chicago,IL, 
Bgs1,17400 Oak Park Ave.,Tinley Park,IL, 
Biy3,2515 N. Milwaukee Ave.,Chicago,IL, 
Gnk10,14035 S. La Grange Rd.,Orland Park,IL, 
R y8,700 N. Milwaukee Ave.,Wheeling,IL, 
Fsg2,200 Applebee St. Suite E,Barrington,IL, 
Th.5,161 N. Archer Ave.,Mundelein,IL, 
Rkk6,16156 S. La Grange Rd.,Orland Park,IL, 
2W.3,2 Stratford Dr.,Bloomingdale,IL, 
Mr.4,50 E. Jefferson St.,Joliet,IL, 
Pr.7,509 Stevens St.,Geneva,IL, 
Bkg3,8699 W 47th St.,Lyons,IL, 
Tp.7,2000 Dempster St.,Evanston,IL, 
By.7,1800 W. Cuyler St.,Chicago,IL, 
Beu1,2515 S. Wabash,Chicago,IL, 
T .6,8250 Utah St.,Merrillville,IN, 
Go.7,500 N. LaSalle St.,Chicago,IL, 
5aa5,6399 W. 74th St.,Bedford Park,IL, 
Pr.9,311 North Broad Street,Griffith,IN, 
9 .8,,Lindenhurst,IL, 
Gng10,801 Plaza Dr.,Schaumburg,IL, 
Md.8,,Location varies,, 
Ks.3,6806 Roosevelt Rd.,Oak Park,IL, 
Ho.10,730 W. Randolph St.,Chicago,IL, 
Hsw9,10426 S. Western Ave.,Chicago,IL, 
Sly9,8 102 Lemont Rd,Woodridge,IL, 
Hf.7,2050 W. Balmoral Ave.,Chicago,IL, 
Bey6,6119 East Ave.,Hodgkins,IL, 
Ti.3,20 Kansas St,Frankfort,IL, 
Bnb5,2747 N. Lincoln Ave.,Chicago,IL, 
Pss10,,â€“  South Loop,, 
Bkg6,,â€“  Chicago,, 
Hv.2,4030 Fox Valley Center Dr.,Aurora,IL, 
Bro7,43 East Ohio St.,Chicago,IL, 
Slg5,1615 Oak Ave.,Evanston,IL, 
Me.7,126 S. Villa Ave.,Villa Park,IL, 
DLr6,1139 Wilmette Ave.,Wilmette,IL, 
Bc.1,7560 S. Quincy St.,Willowbrook,IL, 
Fc.4,1800 W. Walnut St.,Chicago,IL, 
Stg10,825 Chicago Ave.,Evanston,IL, 
OT.2,1725 W. Hubbard St.,Chicago,IL, 
T e8,205 N. Broadway,Aurora,IL, 
Ga.10,221 N Wood St.,Chicago,IL, 
Cog4,,Oak Park,IL, 
Ple4,245 E Main St,Roselle,IL, 
Be.9,13357 Old Western Ave.,Blue Island,IL, 
Fpy4,6833 Stanley Ave.,Berwyn,IL, 
Oyg8,,1350 Tri State Pkwy,, 
Ts.10,2925 W. Montrose Ave.,Chicago,IL, 
ALb1,2011 S. Laflin St.,Chicago,IL, 
Bfg6,360 Historical Ln.,Long Grove,IL, 
Bdy2,4727 W. Montrose Ave.,Chicago,IL, 
Nng4,800 E. Roosevelt Rd.,Lombard,IL, 
Ccy10,,â€“  West Loop,, 
Lig8,1480 Old Deerfield Rd.,Highland Park,IL, 
DHs8,3155 N. Broadway Ave.,Chicago,IL, 
Wfg7,,Bloomingdale,IL, 
Eee4,110 N. Brockway St.,Palatine,IL, 
Gse7,1800 N. Clybourn St.,Chicago,IL, 
BBm6,2000 W Orchard Rd.,North Aurora,IL, 
Eee9,128 W. Main St.,West Dundee,IL, 
El.6,1336 Main St.,Crete,IL, 
Sps2,,Elk Grove Village,IL, 
O g1,3925 W. Dickens Ave.,Chicago,IL, 
Wke3,14903 S. Center St.,Plainfield,IL, 
D s10,120B N. Main St.,Wheaton,IL, 
Vey1,320 W. Ohio St.,Chicago,IL, 
Wdy6,22221 N. Pepper Rd.,Lake Barrington,IL, 
H d7,,â€“ Darien,IL, 
Bda4,4710 N. Ravenswood,Chicago,IL, 
Ao.5,2101 Calistoga Dr.,New Lenox,IL, 
Een1,121 W. Front St.,Wheaton,IL, 
Le.5,16 E. Scranton Ave.,Lake Bluff,IL, 
Aeg6,5402 N. Clark St.,Chicago,IL, 
Veg4,18022 Dixie Hwy.,Homewood,IL, 
Mzg7,3315 S. Halsted St.,Chicago,IL, 
La.2,54 E. St. Charles Rd. #11,Villa Park,IL, 
On.4,10934 S. Western Ave.,Chicago,IL, 
Is.5,400 East Orchard St.,Itasca,IL, 
Rkd2,94 Yorktown Shopping Center,Lombard,IL, 
Rig8,17759 Bretz Dr.,Homewood,IL, 
Blt9,833 West Fulton Market,Chicago,IL, 
Rkk2,639 E. Boughton Rd. #100,Bolingbrook,IL, 
Crs8,3446 N. Southport Ave.,Chicago,IL, 
Pca10,1927 W. North Ave.,Chicago,IL, 
Lr.8,,â€“  Chicago,, 
Wl.3,1142 W Jefferson St.,Shorewood,IL, 